{"frames":{"James Bonham Sprite0.png":{"frame":{"x":0,"y":0,"w":42,"h":72},"rotated":false,"trimmed":false,"spriteSourceSize":{"x":0,"y":0,"w":42,"h":72},"sourceSize":{"w":42,"h":72}},"James Bonham Sprite1.png":{"frame":{"x":42,"y":0,"w":42,"h":72},"rotated":false,"trimmed":false,"spriteSourceSize":{"x":0,"y":0,"w":42,"h":72},"sourceSize":{"w":42,"h":72}},"James Bonham Sprite2.png":{"frame":{"x":84,"y":0,"w":42,"h":72},"rotated":false,"trimmed":false,"spriteSourceSize":{"x":0,"y":0,"w":42,"h":72},"sourceSize":{"w":42,"h":72}},"James Bonham Sprite3.png":{"frame":{"x":126,"y":0,"w":42,"h":72},"rotated":false,"trimmed":false,"spriteSourceSize":{"x":0,"y":0,"w":42,"h":72},"sourceSize":{"w":42,"h":72}},"James Bonham Sprite4.png":{"frame":{"x":168,"y":0,"w":42,"h":72},"rotated":false,"trimmed":false,"spriteSourceSize":{"x":0,"y":0,"w":42,"h":72},"sourceSize":{"w":42,"h":72}},"James Bonham Sprite5.png":{"frame":{"x":0,"y":72,"w":42,"h":72},"rotated":false,"trimmed":false,"spriteSourceSize":{"x":0,"y":0,"w":42,"h":72},"sourceSize":{"w":42,"h":72}},"James Bonham Sprite6.png":{"frame":{"x":42,"y":72,"w":42,"h":72},"rotated":false,"trimmed":false,"spriteSourceSize":{"x":0,"y":0,"w":42,"h":72},"sourceSize":{"w":42,"h":72}},"James Bonham Sprite7.png":{"frame":{"x":84,"y":72,"w":42,"h":72},"rotated":false,"trimmed":false,"spriteSourceSize":{"x":0,"y":0,"w":42,"h":72},"sourceSize":{"w":42,"h":72}},"James Bonham Sprite8.png":{"frame":{"x":126,"y":72,"w":42,"h":72},"rotated":false,"trimmed":false,"spriteSourceSize":{"x":0,"y":0,"w":42,"h":72},"sourceSize":{"w":42,"h":72}},"James Bonham Sprite9.png":{"frame":{"x":168,"y":72,"w":42,"h":72},"rotated":false,"trimmed":false,"spriteSourceSize":{"x":0,"y":0,"w":42,"h":72},"sourceSize":{"w":42,"h":72}},"James Bonham Sprite10.png":{"frame":{"x":0,"y":144,"w":42,"h":72},"rotated":false,"trimmed":false,"spriteSourceSize":{"x":0,"y":0,"w":42,"h":72},"sourceSize":{"w":42,"h":72}},"James Bonham Sprite11.png":{"frame":{"x":42,"y":144,"w":42,"h":72},"rotated":false,"trimmed":false,"spriteSourceSize":{"x":0,"y":0,"w":42,"h":72},"sourceSize":{"w":42,"h":72}}},"meta":{"app":"https://github.com/piskelapp/piskel/","version":"1.0","image":"James Bonham Sprite.png","format":"RGBA8888","size":{"w":210,"h":216}}}